Input sample,control sample ,gRNA,gene,Cas9,mm10 coordinates,cut site,strand,PAM,off-target sequence,mismatches,replicate,DISCOVER Score
BW38,BW02,gP+G,Cfap221,WT,chr1:119990369-119990388,119990371,antisense,NAG,AACAGCAGCAGCAGCAACAA,3,24h_1,2
BW38,BW02,gP+G,Capn8,WT,chr1:182610240-182610259,182610256,sense,NAG,AGCAGCAGCAGCAGCAACAG,2,24h_1,2
BW38,BW02,gP+G,Sp3,WT,chr2:72979526-72979545,72979528,antisense,NAG,AGCAGCAGCAGCAGCAACAG,2,24h_1,3
BW38,BW02,gP+G,Pcsk9,WT,chr4:106463846-106463865,106463862,sense,NGG,AGCAGCAGCGGCGGCAACAG,0,24h_1,311
BW38,BW02,gP+G,Chr6 NC,WT,chr6:104987986-104988005,104987988,antisense,NAG,AGCAGCAGCAGCAGCAGCAG,3,24h_1,2
BW38,BW02,gP+G,D6Ertd527e,WT,chr6:87111979-87111998,87111995,sense,NGG,AGCAGCAGCCGCGGCAACAG,1,24h_1,4
BW38,BW02,gP+G,Dmkn,WT,chr7:30765381-30765400,30765397,sense,NGG,AGTAGCAGCGGCAGCAACAG,2,24h_1,5
BW38,BW02,gP+G,near St8sia2 (NC),WT,chr7:73927432-73927451,73927448,sense,NGG,AGCAGCAGCAGCAGCAACAG,2,24h_1,7
BW38,BW02,gP+G,Neo1,WT,chr9:59036031-59036050,59036047,sense,NAG,AGCAGCAGCGGCAGCAACAG,1,24h_1,30
BW38,BW02,gP+G,Marcks,WT,chr10:37138614-37138633,37138630,sense,NGG,AGCAGCAGCAGCAGCAACAG,2,24h_1,133
BW38,BW02,gP+G,Ramp2,WT,chr11:101246542-101246561,101246544,antisense,NGG,AGCAGCAGCAGCAGCAACAG,2,24h_1,51
BW38,BW02,gP+G,Tug1 site 1 (NC),WT,chr11:3602316-3602335,3602318,antisense,NGG,AGCAGCAGCAGCAGCAACAG,2,24h_1,49
BW38,BW02,gP+G,Tug1 site 2 (NC),WT,chr11:3602648-3602667,3602650,antisense,NGG,AGCAGCAGCAGCAGCAACAG,2,24h_1,57
BW38,BW02,gP+G,Tug1 site 3 (NC),WT,chr11:3602880-3602899,3602882,antisense,NGG,AGCAGCAGCAGCAGCAACAG,2,24h_1,37
BW38,BW02,gP+G,Krtap4-2,WT,chr11:99634631-99634650,99634647,sense,NGG,AGCAGCAGGGGCGGCAACAG,1,24h_1,11
BW38,BW02,gP+G,Krtap4-7,WT,chr11:99643639-99643658,99643655,sense,NGG,AGCAGCAGGGGCGGCAACAG,1,24h_1,5
BW38,BW02,gP+G, near Krtap4-7 (NC),WT,chr11:99649767-99649786,99649783,sense,NGG,AGCAGCAGGGGCGGCAACAG,1,24h_1,7
BW38,BW02,gP+G,Chr13 NC,WT,chr13:111601194-111601213,111601210,sense,NAG,AGCAGCAGCAGCAGCAGCAG,3,24h_1,2
BW38,BW02,gP+G,Rgmb,WT,chr17:15826035-15826054,15826051,sense,NGG,AGCAGCAGCAGCAGCAACAG,2,24h_1,227
BW39,BW02,gP+G,Sp3,WT,chr2:72979526-72979545,72979528,antisense,NAG,AGCAGCAGCAGCAGCAACAG,2,24h_2,4
BW39,BW02,gP+G,Pcsk9,WT,chr4:106463846-106463865,106463862,sense,NGG,AGCAGCAGCGGCGGCAACAG,0,24h_2,362
BW39,BW02,gP+G,Aff1,WT,chr5:103773147-103773166,103773149,antisense,NAG,AGCAGCAGCAGCAGCAACAG,2,24h_2,3
BW39,BW02,gP+G,D6Ertd527e,WT,chr6:87111979-87111998,87111995,sense,NGG,AGCAGCAGCCGCGGCAACAG,1,24h_2,11
BW39,BW02,gP+G,Dmkn,WT,chr7:30765381-30765400,30765397,sense,NGG,AGTAGCAGCGGCAGCAACAG,2,24h_2,11
BW39,BW02,gP+G,near St8sia2 (NC),WT,chr7:73927432-73927451,73927448,sense,NGG,AGCAGCAGCAGCAGCAACAG,2,24h_2,14
BW39,BW02,gP+G,Glg1,WT,chr8:111258957-111258976,111258959,antisense,NAG,AGCAGCAGCAGCAGCAACAG,2,24h_2,5
BW39,BW02,gP+G,near Ephb1 (NC),WT,chr9:102399154-102399173,102399156,antisense,NAG,AGCAGCAGCAGCAGCAGCAG,3,24h_2,2
BW39,BW02,gP+G,Neo1,WT,chr9:59036031-59036050,59036047,sense,NAG,AGCAGCAGCGGCAGCAACAG,1,24h_2,52
BW39,BW02,gP+G,Marcks,WT,chr10:37138614-37138633,37138630,sense,NGG,AGCAGCAGCAGCAGCAACAG,2,24h_2,186
BW39,BW02,gP+G,Ramp2,WT,chr11:101246542-101246561,101246544,antisense,NGG,AGCAGCAGCAGCAGCAACAG,2,24h_2,87
BW39,BW02,gP+G,Tug1 site 1 (NC),WT,chr11:3602316-3602335,3602318,antisense,NGG,AGCAGCAGCAGCAGCAACAG,2,24h_2,88
BW39,BW02,gP+G,Tug1 site 2 (NC),WT,chr11:3602648-3602667,3602650,antisense,NGG,AGCAGCAGCAGCAGCAACAG,2,24h_2,81
BW39,BW02,gP+G,Tug1 site 3 (NC),WT,chr11:3602880-3602899,3602882,antisense,NGG,AGCAGCAGCAGCAGCAACAG,2,24h_2,57
BW39,BW02,gP+G,Krtap4-2,WT,chr11:99634631-99634650,99634647,sense,NGG,AGCAGCAGGGGCGGCAACAG,1,24h_2,10
BW39,BW02,gP+G,Krtap4-7,WT,chr11:99643639-99643658,99643655,sense,NGG,AGCAGCAGGGGCGGCAACAG,1,24h_2,12
BW39,BW02,gP+G,near Krtap4-7 (NC),WT,chr11:99649767-99649786,99649783,sense,NGG,AGCAGCAGGGGCGGCAACAG,1,24h_2,7
BW39,BW02,gP+G,Rgmb,WT,chr17:15826035-15826054,15826051,sense,NGG,AGCAGCAGCAGCAGCAACAG,2,24h_2,314
BW39,BW02,gP+G,Runx2,WT,chr17:44735497-44735516,44735499,antisense,NAG,AGCAGCAGCAGCAGCAACAG,2,24h_2,4
BW39,BW02,gP+G,Arhgef6,WT,chrX:57326729-57326748,57326745,sense,NAG,AGCAGCAGCAGCAGCAACAG,2,24h_2,3
BW03,BW02,gP+G,Pcsk9,WT,chr4:106463846-106463865,106463862,sense,NGG,AGCAGCAGCGGCGGCAACAG,0,36h_1,144
BW03,BW02,gP+G,D6Ertd527e,WT,chr6:87111979-87111998,87111995,sense,NGG,AGCAGCAGCCGCGGCAACAG,1,36h_1,4
BW03,BW02,gP+G,Nectin2,WT,chr7:19749232-19749251,19749248,sense,NGG,AGCAGTAGCAGCGGCAACAA,3,36h_1,4
BW03,BW02,gP+G,Dmkn,WT,chr7:30765381-30765400,30765397,sense,NGG,AGTAGCAGCGGCAGCAACAG,2,36h_1,10
BW03,BW02,gP+G,near St8sia2 (NC),WT,chr7:73927432-73927451,73927448,sense,NGG,AGCAGCAGCAGCAGCAACAG,2,36h_1,19
BW03,BW02,gP+G,Mir5098,WT,chr8:107368928-107368947,107368944,sense,NAG,AGCAGCAGCAGCAGCAACAG,2,36h_1,2
BW03,BW02,gP+G,Glg1,WT,chr8:111258957-111258976,111258959,antisense,NAG,AGCAGCAGCAGCAGCAACAG,2,36h_1,3
BW03,BW02,gP+G,Chr8 NC,WT,chr8:81106350-81106369,81106366,sense,NAG,AGCAGCAGCAGCAGCAGCAG,3,36h_1,3
BW03,BW02,gP+G,Neo1,WT,chr9:59036031-59036050,59036047,sense,NAG,AGCAGCAGCGGCAGCAACAG,1,36h_1,17
BW03,BW02,gP+G,ChrY NC,WT,chrY:11857750-11857769,11857752,antisense,NAG,AGAAGAAGAAGAAGAAACAG,7,36h_1,19
BW03,BW02,gP+G,marcks,WT,chr10:37138614-37138633,37138630,sense,NGG,AGCAGCAGCAGCAGCAACAG,2,36h_1,68
BW03,BW02,gP+G,Ramp2,WT,chr11:101246542-101246561,101246544,antisense,NGG,AGCAGCAGCAGCAGCAACAG,2,36h_1,42
BW03,BW02,gP+G,Tug1 site 1 (NC),WT,chr11:3602316-3602335,3602318,antisense,NGG,AGCAGCAGCAGCAGCAACAG,2,36h_1,39
BW03,BW02,gP+G,Tug1 site 2 (NC),WT,chr11:3602648-3602667,3602650,antisense,NGG,AGCAGCAGCAGCAGCAACAG,2,36h_1,36
BW03,BW02,gP+G,Tug1 site 3 (NC),WT,chr11:3602880-3602899,3602882,antisense,NGG,AGCAGCAGCAGCAGCAACAG,2,36h_1,21
BW03,BW02,gP+G,Krtap4-2,WT,chr11:99634631-99634650,99634647,sense,NGG,AGCAGCAGGGGCGGCAACAG,1,36h_1,10
BW03,BW02,gP+G,Krtap4-7,WT,chr11:99643639-99643658,99643655,sense,NGG,AGCAGCAGGGGCGGCAACAG,1,36h_1,11
BW03,BW02,gP+G,near Krtap4-7 (NC),WT,chr11:99649767-99649786,99649783,sense,NGG,AGCAGCAGGGGCGGCAACAG,1,36h_1,9
BW03,BW02,gP+G,Kmt2d,WT,chr15:98845833-98845852,98845835,antisense,NAG,AGCAGCAGCAGCAGCAACAG,2,36h_1,3
BW03,BW02,gP+G,Rgmb,WT,chr17:15826035-15826054,15826051,sense,NGG,AGCAGCAGCAGCAGCAACAG,2,36h_1,60
BW03,BW02,gP+G,Mcc,WT,chr18:44552680-44552699,44552696,sense,NAG,AGCAGCAGCAGCAGCAACAG,2,36h_1,2
BW03,BW02,gP+G,smarca2,WT,chr19:26631003-26631022,26631019,sense,NAG,AGCAGCAGCAGCAGCAACAG,2,36h_1,3
BW05,BW04,gP+G,Ttll11,WT,chr2:35977743-35977762,35977759,sense,NAG,AGCAGCAGCAGCAGCAACAG,2,36h_2,4
BW05,BW04,gP+G,Sp3,WT,chr2:72979526-72979545,72979528,antisense,NAG,AGCAGCAGCAGCAGCAACAG,2,36h_2,2
BW05,BW04,gP+G,Rnf115,WT,chr3:96770089-96770108,96770091,antisense,NAG,TGCAGCAGCAGTGGCAGCAG,4,36h_2,3
BW05,BW04,gP+G,Pcsk9,WT,chr4:106463846-106463865,106463862,sense,NGG,AGCAGCAGCGGCGGCAACAG,0,36h_2,141
BW05,BW04,gP+G,D6Ertd527e site 2,WT,chr6:87111274-87111293,87111290,sense,NAG,AGCAGCAGCAGCAGCAACAG,2,36h_2,2
BW05,BW04,gP+G,D6Ertd527e,WT,chr6:87111979-87111998,87111995,sense,NGG,AGCAGCAGCCGCGGCAACAG,1,36h_2,7
BW05,BW04,gP+G,Dmkn,WT,chr7:30765381-30765400,30765397,sense,NGG,AGTAGCAGCGGCAGCAACAG,2,36h_2,15
BW05,BW04,gP+G,near St8sia2 (NC),WT,chr7:73927432-73927451,73927448,sense,NGG,AGCAGCAGCAGCAGCAACAG,2,36h_2,16
BW05,BW04,gP+G,Glg1,WT,chr8:111258957-111258976,111258959,antisense,NAG,AGCAGCAGCAGCAGCAACAG,2,36h_2,3
BW05,BW04,gP+G,Neo1,WT,chr9:59036031-59036050,59036047,sense,NAG,AGCAGCAGCGGCAGCAACAG,1,36h_2,10
BW05,BW04,gP+G,Chr9 NC,WT,chr9:6070425-6070444,6070441,sense,NAG,AGCAGCAGCAGCAGCAGCAG,3,36h_2,2
BW05,BW04,gP+G,near Gm4312 (NC),WT,chr10:100305789-100305808,100305791,antisense,NAG,AGCAGCAGCAGCAGCAACAG,2,36h_2,2
BW05,BW04,gP+G,Marcks,WT,chr10:37138614-37138633,37138630,sense,NGG,AGCAGCAGCAGCAGCAACAG,2,36h_2,64
BW05,BW04,gP+G,near Eea1 (NC),WT,chr10:95909364-95909383,95909366,antisense,NGG,AGCAGCAGCAACAGCAACAG,3,36h_2,5
BW05,BW04,gP+G,Ramp2,WT,chr11:101246542-101246561,101246544,antisense,NGG,AGCAGCAGCAGCAGCAACAG,2,36h_2,47
BW05,BW04,gP+G,Tug1 site 1 (NC),WT,chr11:3602316-3602335,3602318,antisense,NGG,AGCAGCAGCAGCAGCAACAG,2,36h_2,57
BW05,BW04,gP+G,Tug1 site 2 (NC),WT,chr11:3602648-3602667,3602650,antisense,NGG,AGCAGCAGCAGCAGCAACAG,2,36h_2,39
BW05,BW04,gP+G,Tug1 site 3 (NC),WT,chr11:3602880-3602899,3602882,antisense,NGG,AGCAGCAGCAGCAGCAACAG,2,36h_2,29
BW05,BW04,gP+G,Krtap4-2,WT,chr11:99634631-99634650,99634647,sense,NGG,AGCAGCAGGGGCGGCAACAG,1,36h_2,15
BW05,BW04,gP+G,Krtap4-7,WT,chr11:99643639-99643658,99643655,sense,NGG,AGCAGCAGGGGCGGCAACAG,1,36h_2,18
BW05,BW04,gP+G,near Krtap4-7 (NC),WT,chr11:99649767-99649786,99649783,sense,NGG,AGCAGCAGGGGCGGCAACAG,1,36h_2,15
BW05,BW04,gP+G,Chr12 NC,WT,chr12:35309003-35309022,35309019,sense,NGG,AGCAGCAGCAGCAGCAACAG,2,36h_2,2
BW05,BW04,gP+G,Rgmb,WT,chr17:15826035-15826054,15826051,sense,NGG,AGCAGCAGCAGCAGCAACAG,2,36h_2,90
BW05,BW04,gP+G,Fer,WT,chr17:64050135-64050154,64050151,sense,NAG,AGCAGCAGCAGCAGCAACAG,2,36h_2,2
BW05,BW04,gP+G,nea Fbxo11 (NC),WT,chr17:88065975-88065994,88065977,antisense,NGG,AGCAGCAGCAGCAGCAGCAG,3,36h_2,2
BW40,BW02,gP+G,Pcsk9,WT,chr4:106463846-106463865,106463862,sense,NGG,AGCAGCAGCGGCGGCAACAG,0,48h_1,100
BW40,BW02,gP+G,D6Ertd527e,WT,chr6:87111979-87111998,87111995,sense,NGG,AGCAGCAGCCGCGGCAACAG,1,48h_1,10
BW40,BW02,gP+G,Dmkn,WT,chr7:30765381-30765400,30765397,sense,NGG,AGTAGCAGCGGCAGCAACAG,2,48h_1,7
BW40,BW02,gP+G,near St8sia2 (NC),WT,chr7:73927432-73927451,73927448,sense,NGG,AGCAGCAGCAGCAGCAACAG,2,48h_1,4
BW40,BW02,gP+G,Mir5098,WT,chr8:107368928-107368947,107368944,sense,NAG,AGCAGCAGCAGCAGCAACAG,2,48h_1,4
BW40,BW02,gP+G,Glg1,WT,chr8:111258957-111258976,111258959,antisense,NAG,AGCAGCAGCAGCAGCAACAG,2,48h_1,4
BW40,BW02,gP+G,Cadm1,WT,chr9:47669864-47669883,47669866,antisense,NAG,AGCAGCAGCAGCAGCAGCAG,3,48h_1,2
BW40,BW02,gP+G,Neo1,WT,chr9:59036031-59036050,59036047,sense,NAG,AGCAGCAGCGGCAGCAACAG,1,48h_1,23
BW40,BW02,gP+G,NC,WT,chr9:80742397-80742416,80742413,sense,NAG,AGCAGCAGCAGCAGCAGCAG,3,48h_1,2
BW40,BW02,gP+G,Marcks,WT,chr10:37138614-37138633,37138630,sense,NGG,AGCAGCAGCAGCAGCAACAG,2,48h_1,45
BW40,BW02,gP+G,Ramp2,WT,chr11:101246542-101246561,101246544,antisense,NGG,AGCAGCAGCAGCAGCAACAG,2,48h_1,32
BW40,BW02,gP+G,nr Tug1 site 1 (NC),WT,chr11:3602316-3602335,3602318,antisense,NGG,AGCAGCAGCAGCAGCAACAG,2,48h_1,32
BW40,BW02,gP+G,nr Tug1 site 2 (NC),WT,chr11:3602648-3602667,3602650,antisense,NGG,AGCAGCAGCAGCAGCAACAG,2,48h_1,16
BW40,BW02,gP+G,nr Tug1 site 3 (NC),WT,chr11:3602880-3602899,3602882,antisense,NGG,AGCAGCAGCAGCAGCAACAG,2,48h_1,16
BW40,BW02,gP+G,Krtap4-2,WT,chr11:99634631-99634650,99634647,sense,NGG,AGCAGCAGGGGCGGCAACAG,1,48h_1,6
BW40,BW02,gP+G,Krtap4-7,WT,chr11:99643639-99643658,99643655,sense,NGG,AGCAGCAGGGGCGGCAACAG,1,48h_1,6
BW40,BW02,gP+G,near Krtap4-7 (NC),WT,chr11:99649767-99649786,99649783,sense,NGG,AGCAGCAGGGGCGGCAACAG,1,48h_1,4
BW40,BW02,gP+G,Gja3,WT,chr14:57047062-57047081,57047064,antisense,NAG,AGCAGCAGCAGCAGCAGCAG,3,48h_1,2
BW40,BW02,gP+G,near Stc1 (NC),WT,chr14:69029152-69029171,69029168,sense,NAG,AGCAGCAGCAGCAGCAACAG,2,48h_1,3
BW40,BW02,gP+G,Rgmb,WT,chr17:15826035-15826054,15826051,sense,NGG,AGCAGCAGCAGCAGCAACAG,2,48h_1,68
BW41,BW02,gP+G,Chr2 NC,WT,chr2:133233989-133234008,133234005,sense,NAG,AGCGGCAGCGGCAGCAGCAG,3,48h_2,2
BW41,BW02,gP+G,Pcsk9,WT,chr4:106463846-106463865,106463862,sense,NGG,AGCAGCAGCGGCGGCAACAG,0,48h_2,245
BW41,BW02,gP+G,NC Chr5,WT,chr5:119013620-119013639,119013636,sense,NAG,AGCAGCAACAGCAGCAACAG,3,48h_2,2
BW41,BW02,gP+G,D6Ertd527e,WT,chr6:87111979-87111998,87111995,sense,NGG,AGCAGCAGCCGCGGCAACAG,1,48h_2,7
BW41,BW02,gP+G,Nectin2,WT,chr7:19749232-19749251,19749248,sense,NGG,AGCAGTAGCAGCGGCAACAA,3,48h_2,2
BW41,BW02,gP+G,Dmkn,WT,chr7:30765381-30765400,30765397,sense,NGG,AGTAGCAGCGGCAGCAACAG,2,48h_2,10
BW41,BW02,gP+G,near St8sia2 (NC),WT,chr7:73927432-73927451,73927448,sense,NGG,AGCAGCAGCAGCAGCAACAG,2,48h_2,7
BW41,BW02,gP+G,Glg1,WT,chr8:111258957-111258976,111258959,antisense,NAG,AGCAGCAGCAGCAGCAACAG,2,48h_2,8
BW41,BW02,gP+G,Neo1,WT,chr9:59036031-59036050,59036047,sense,NAG,AGCAGCAGCGGCAGCAACAG,1,48h_2,28
BW41,BW02,gP+G,Marcks,WT,chr10:37138614-37138633,37138630,sense,NGG,AGCAGCAGCAGCAGCAACAG,2,48h_2,73
BW41,BW02,gP+G,Ramp2,WT,chr11:101246542-101246561,101246544,antisense,NGG,AGCAGCAGCAGCAGCAACAG,2,48h_2,54
BW41,BW02,gP+G,nr Tug1 site 1 (NC),WT,chr11:3602316-3602335,3602318,antisense,NGG,AGCAGCAGCAGCAGCAACAG,2,48h_2,45
BW41,BW02,gP+G,nr Tug1 site 2 (NC),WT,chr11:3602648-3602667,3602650,antisense,NGG,AGCAGCAGCAGCAGCAACAG,2,48h_2,37
BW41,BW02,gP+G,nr Tug1 site 3 (NC),WT,chr11:3602880-3602899,3602882,antisense,NGG,AGCAGCAGCAGCAGCAACAG,2,48h_2,23
BW41,BW02,gP+G,Krtap4-2,WT,chr11:99634631-99634650,99634647,sense,NGG,AGCAGCAGGGGCGGCAACAG,1,48h_2,13
BW41,BW02,gP+G,Krtap4-7,WT,chr11:99643639-99643658,99643655,sense,NGG,AGCAGCAGGGGCGGCAACAG,1,48h_2,6
BW41,BW02,gP+G,near Krtap4-7 (NC),WT,chr11:99649767-99649786,99649783,sense,NGG,AGCAGCAGGGGCGGCAACAG,1,48h_2,7
BW41,BW02,gP+G,Kmt2d,WT,chr15:98845833-98845852,98845835,antisense,NAG,AGCAGCAGCAGCAGCAACAG,2,48h_2,2
BW41,BW02,gP+G,Rgmb,WT,chr17:15826035-15826054,15826051,sense,NGG,AGCAGCAGCAGCAGCAACAG,2,48h_2,140
BW41,BW02,gP+G,Prrc2a,WT,chr17:35158147-35158166,35158149,antisense,NAG,AGCAGCAGCAGCAGCAACAG,2,48h_2,2
BW41,BW02,gP+G,Runx2,WT,chr17:44735497-44735516,44735499,antisense,NAG,AGCAGCAGCAGCAGCAACAG,2,48h_2,2
BW41,BW02,gP+G,Mir669a,WT,chr17:51548088-51548107,51548090,antisense,NAG,AACAGCAGCAGCAGCAGCAG,4,48h_2,3
BW41,BW02,gP+G,near Eml4 (NC),WT,chr17:83318975-83318994,83318977,antisense,NAG,AGCAGCAGCAGCAGCAACAG,2,48h_2,3
