Chromosome,Start,End,Name,GUIDE-seq Reads,Strand,Cells,Treatment,Targetsite,Target Sequence,Off-Target Sequence,Mismatches (pre-SNP correction)
chr2,73160981,73161004,SpCas9-HF1_EMX1_1_chr2_73160998_2882,2882,+,U2OS,SpCas9-HF1,EMX1_1,GAGTCCGAGCAGAAGAAGAANGG,GAGTCCGAGCAGAAGAAGAAGGG,0
chr2,73161065,73161088,SpCas9-HF1_EMX1-2_chr2_73161083_6902,6902,+,U2OS,SpCas9-HF1,EMX1-2,GTCACCTCCAATGACTAGGGNGG,GTCACCTCCAATGACTAGGGTGG,0
chr11,22647331,22647354,SpCas9-HF1_FANCF-1_chr11_22647338_4541,4541,-,U2OS,SpCas9-HF1,FANCF-1,GGAATCCCTTCTGCAGCACCNGG,GGAATCCCTTCTGCAGCACCTGG,0
chr11,22647337,22647360,SpCas9-HF1_FANCF-2_chr11_22647354_4203,4203,+,U2OS,SpCas9-HF1,FANCF-2,GCTGCAGAAGGGATTCCATGNGG,GCTGCAGAAGGGATTCCATGAGG,0
chr22,36952994,36953017,SpCas9-HF1_FANCF-2_chr22_36953001_3809,3809,-,U2OS,SpCas9-HF1,FANCF-2,GCTGCAGAAGGGATTCCATGNGG,GCTGCAGAAGGGATTCCAAGGGG,1
chr11,22647155,22647178,SpCas9-HF1_FANCF-3_chr11_22647161_3609,3609,-,U2OS,SpCas9-HF1,FANCF-3,GGCGGCTGCACAACCAGTGGNGG,GGCGGCTGCACAACCAGTGGAGG,0
chr11,22647178,22647201,SpCas9-HF1_FANCF-4_chr11_22647195_2102,2102,+,U2OS,SpCas9-HF1,FANCF-4,GCTCCAGAGCCGTGCGAATGNGG,GCTCCAGAGCCGTGCGAATGGGG,0
chr21,36421192,36421215,SpCas9-HF1_RUNX1-1_chr21_36421198_3502,3502,-,U2OS,SpCas9-HF1,RUNX1-1,GCATTTTCAGGAGGAAGCGANGG,GCATTTTCAGGAGGAAGCGATGG,0
chr2,242214589,242214612,SpCas9-HF1_VEGFA_2_chr2_242214606_1351,1351,+,U2OS,SpCas9-HF1,VEGFA_2,GACCCCCTCCACCCCGCCTCNGG,ATTCCCCCCCACCCCGCCTCAGG,4
chr9,103599642,103599665,SpCas9-HF1_VEGFA_2_chr9_103599649_1338,1338,-,U2OS,SpCas9-HF1,VEGFA_2,GACCCCCTCCACCCCGCCTCNGG,ACACCCCCCCACCCCGCCTCAGG,4
chr15,33286100,33286123,SpCas9-HF1_VEGFA_2_chr15_33286107_1320,1320,-,U2OS,SpCas9-HF1,VEGFA_2,GACCCCCTCCACCCCGCCTCNGG,GACCCCCCCCACCCCGCCCCCGG,2
chr16,82734564,82734587,SpCas9-HF1_VEGFA_2_chr16_82734581_472,472,+,U2OS,SpCas9-HF1,VEGFA_2,GACCCCCTCCACCCCGCCTCNGG,CCCCCCCCCCCCCCCGCCCCGGG,5
chr11,13948353,13948376,SpCas9-HF1_VEGFA_2_chr11_13948370_406,406,+,U2OS,SpCas9-HF1,VEGFA_2,GACCCCCTCCACCCCGCCTCNGG,TACCCCCCCCACCCCGCCACAGG,3
chr2,170573333,170573356,SpCas9-HF1_VEGFA_2_chr2_170573350_337,337,+,U2OS,SpCas9-HF1,VEGFA_2,GACCCCCTCCACCCCGCCTCNGG,CCACCCCCCCACCCCGCCCCAGG,5
chr5,6715101,6715124,SpCas9-HF1_VEGFA_2_chr5_6715118_234,234,+,U2OS,SpCas9-HF1,VEGFA_2,GACCCCCTCCACCCCGCCTCNGG,CTACCCCTCCACCCCGCCTCCGG,3
chr6,43738555,43738578,SpCas9-HF1_VEGFA_2_chr6_43738562_179,179,-,U2OS,SpCas9-HF1,VEGFA_2,GACCCCCTCCACCCCGCCTCNGG,GACCCCCTCCACCCCGCCTCCGG,0
chr2,24857576,24857599,SpCas9-HF1_VEGFA_2_chr2_24857593_176,176,+,U2OS,SpCas9-HF1,VEGFA_2,GACCCCCTCCACCCCGCCTCNGG,ACCCCCCCCCCCCCCGCCCCCGG,5
chr6,26470606,26470629,SpCas9-HF1_VEGFA_2_chr6_26470624_151,151,+,U2OS,SpCas9-HF1,VEGFA_2,GACCCCCTCCACCCCGCCTCNGG,GACCCCCCCCACCCCACCCCAGG,3
chr16,56963422,56963445,SpCas9-HF1_VEGFA_2_chr16_56963429_145,145,-,U2OS,SpCas9-HF1,VEGFA_2,GACCCCCTCCACCCCGCCTCNGG,TGCCCCCCCCACCCCACCTCTGG,4
chr17,4358745,4358768,SpCas9-HF1_VEGFA_2_chr17_4358752_132,132,-,U2OS,SpCas9-HF1,VEGFA_2,GACCCCCTCCACCCCGCCTCNGG,TACCCCCCACACCCCGCCTCTGG,3
chr11,71948787,71948810,SpCas9-HF1_VEGFA_2_chr11_71948803_84,84,+,U2OS,SpCas9-HF1,VEGFA_2,GACCCCCTCCACCCCGCCTCNGG,GCTTCCCTCCACCCCGCATCCGG,5
chr2,129244195,129244218,SpCas9-HF1_VEGFA_2_chr2_129244202_76,76,-,U2OS,SpCas9-HF1,VEGFA_2,GACCCCCTCCACCCCGCCTCNGG,CCCCCCCCCCACCCCGCCCCCGG,4
chrX,129040623,129040646,SpCas9-HF1_VEGFA_2_chrX_129040640_63,63,+,U2OS,SpCas9-HF1,VEGFA_2,GACCCCCTCCACCCCGCCTCNGG,TGCCCCCCCCACCCCGCCCCCGG,4
chr22,50884785,50884808,SpCas9-HF1_VEGFA_2_chr22_50884803_42,42,+,U2OS,SpCas9-HF1,VEGFA_2,GACCCCCTCCACCCCGCCTCNGG,CCCCCCCCCCCCCCCGCCTCCGG,4
chr20,10913954,10913977,SpCas9-HF1_VEGFA_2_chr20_10913961_33,33,-,U2OS,SpCas9-HF1,VEGFA_2,GACCCCCTCCACCCCGCCTCNGG,CCACCCCCCCACCCCGCCCCTGG,5
chr11,31817476,31817499,SpCas9-HF1_VEGFA_2_chr11_31817482_18,18,-,U2OS,SpCas9-HF1,VEGFA_2,GACCCCCTCCACCCCGCCTCNGG,GGGCCCCTCCACCCCGCCTCTGG,3
chr4,8841910,8841933,SpCas9-HF1_VEGFA_2_chr4_8841917_17,17,-,U2OS,SpCas9-HF1,VEGFA_2,GACCCCCTCCACCCCGCCTCNGG,CATACCCCCCACCCCGCCCCGGG,6
chr13,100546982,100547005,SpCas9-HF1_VEGFA_2_chr13_100546989_10,10,-,U2OS,SpCas9-HF1,VEGFA_2,GACCCCCTCCACCCCGCCTCNGG,CCCCCCCCCCCCCCCGCCTCAGG,4
chr10,133956638,133956661,SpCas9-HF1_VEGFA_2_chr10_133956645_8,8,-,U2OS,SpCas9-HF1,VEGFA_2,GACCCCCTCCACCCCGCCTCNGG,AGCCCCCCCCACCCCGACTCAGG,4
chr9,27338857,27338880,SpCas9-HF1_VEGFA_2_chr9_27338874_4,4,+,U2OS,SpCas9-HF1,VEGFA_2,GACCCCCTCCACCCCGCCTCNGG,GACCCCTCCCACCCCGACTCCGG,3
chr15,85165027,85165050,SpCas9-HF1_ZSCAN2_chr15_85165045_2135,2135,+,U2OS,SpCas9-HF1,ZSCAN2,GTGCGGCAAGAGCTTCAGCCNGG,GTGCGGCAAGAGCTTCAGCCGGG,0
chr14,65569152,65569175,SpCas9-HF1_VEGFA_3_chr14_65569159_1676,1676,-,U2OS,SpCas9-HF1,VEGFA_3,GGTGAGTGAGTGTGTGCGTGNGG,AGTGAGTGAGTGTGTGTGTGGGG,2
chr6,43737453,43737476,SpCas9-HF1_VEGFA_3_chr6_43737470_955,955,+,U2OS,SpCas9-HF1,VEGFA_3,GGTGAGTGAGTGTGTGCGTGNGG,GGTGAGTGAGTGTGTGCGTGTGG,0
chr2,73160981,73161004,wild-type_EMX1_1_chr2_73160998_3605,3605,+,U2OS,wild-type,EMX1_1,GAGTCCGAGCAGAAGAAGAANGG,GAGTCCGAGCAGAAGAAGAAGGG,0
chr5,45359060,45359083,wild-type_EMX1_1_chr5_45359067_2837,2837,-,U2OS,wild-type,EMX1_1,GAGTCCGAGCAGAAGAAGAANGG,GAGTTAGAGCAGAAGAAGAAAGG,2
chr15,44109746,44109769,wild-type_EMX1_1_chr15_44109763_1060,1060,+,U2OS,wild-type,EMX1_1,GAGTCCGAGCAGAAGAAGAANGG,GAGTCTAAGCAGAAGAAGAAGAG,3
chr2,219845055,219845078,wild-type_EMX1_1_chr2_219845072_313,313,+,U2OS,wild-type,EMX1_1,GAGTCCGAGCAGAAGAAGAANGG,GAGGCCGAGCAGAAGAAAGACGG,3
chr5,9227145,9227168,wild-type_EMX1_1_chr5_9227162_96,96,+,U2OS,wild-type,EMX1_1,GAGTCCGAGCAGAAGAAGAANGG,AAGTCTGAGCACAAGAAGAATGG,3
chr5,146833183,146833206,wild-type_EMX1_1_chr5_146833190_67,67,-,U2OS,wild-type,EMX1_1,GAGTCCGAGCAGAAGAAGAANGG,GAGCCGGAGCAGAAGAAGGAGGG,3
chr8,128801241,128801264,wild-type_EMX1_1_chr8_128801258_34,34,+,U2OS,wild-type,EMX1_1,GAGTCCGAGCAGAAGAAGAANGG,GAGTCCTAGCAGGAGAAGAAGAG,3
chrX,53467704,53467727,wild-type_EMX1_1_chrX_53467711_17,17,-,U2OS,wild-type,EMX1_1,GAGTCCGAGCAGAAGAAGAANGG,GAGTCCGGGAAGGAGAAGAAAGG,3
chr6,9118792,9118815,wild-type_EMX1_1_chr6_9118798_15,15,-,U2OS,wild-type,EMX1_1,GAGTCCGAGCAGAAGAAGAANGG,ACGTCTGAGCAGAAGAAGAATGG,3
chr2,73161065,73161088,wild-type_EMX1-2_chr2_73161083_11659,11659,+,U2OS,wild-type,EMX1-2,GTCACCTCCAATGACTAGGGNGG,GTCACCTCCAATGACTAGGGTGG,0
chr5,136822511,136822534,wild-type_EMX1-2_chr5_136822517_2081,2081,-,U2OS,wild-type,EMX1-2,GTCACCTCCAATGACTAGGGNGG,ATCACTTCCAATGACTAAGACGG,4
chr1,187444965,187444988,wild-type_EMX1-2_chr1_187444971_667,667,-,U2OS,wild-type,EMX1-2,GTCACCTCCAATGACTAGGGNGG,GCTACCTCCAGTGACTAGGGAAG,5
chr18,46238494,46238517,wild-type_EMX1-2_chr18_46238500_241,241,-,U2OS,wild-type,EMX1-2,GTCACCTCCAATGACTAGGGNGG,ACAACCCCCAATGACCAGGGAGG,5
chr17,71137097,71137120,wild-type_EMX1-2_chr17_71137105_117,117,-,U2OS,wild-type,EMX1-2,GTCACCTCCAATGACTAGGGNGG,GTCACCTGTAATGACTAGGGAGA,3
chr5,56336642,56336665,wild-type_EMX1-2_chr5_56336649_114,114,-,U2OS,wild-type,EMX1-2,GTCACCTCCAATGACTAGGGNGG,CCTACCTCCAATGACTAGAGAAG,5
chr2,157294615,157294638,wild-type_EMX1-2_chr2_157294633_40,40,+,U2OS,wild-type,EMX1-2,GTCACCTCCAATGACTAGGGNGG,GTGACCTCCAATGCCTAGAGGGG,3
chr3,120211148,120211171,wild-type_EMX1-2_chr3_120211154_35,35,-,U2OS,wild-type,EMX1-2,GTCACCTCCAATGACTAGGGNGG,TTTTCCTCCAATGACCAGGGAGG,5
chr20,29595726,29595749,wild-type_EMX1-2_chr20_29595744_16,16,+,U2OS,wild-type,EMX1-2,GTCACCTCCAATGACTAGGGNGG,AGCACCTCCAATGACCAGGTGTG,6
chr8,125654563,125654586,wild-type_EMX1-2_chr8_125654577_12,12,+,U2OS,wild-type,EMX1-2,GTCACCTCCAATGACTAGGGNGG,GACACACCCAAAGACTAGGGAGG,4
chr12,127009143,127009166,wild-type_EMX1-2_chr12_127009149_6,6,-,U2OS,wild-type,EMX1-2,GTCACCTCCAATGACTAGGGNGG,GCCATCTCCACTGACTAGGGGGA,4
chr11,22647331,22647354,wild-type_FANCF-1_chr11_22647337_4120,4120,-,U2OS,wild-type,FANCF-1,GGAATCCCTTCTGCAGCACCNGG,GGAATCCCTTCTGCAGCACCTGG,0
chr18,8707521,8707544,wild-type_FANCF-1_chr18_8707527_1090,1090,-,U2OS,wild-type,FANCF-1,GGAATCCCTTCTGCAGCACCNGG,GGAACCCCGTCTGCAGCACCAGG,2
chr6,143382079,143382102,wild-type_FANCF-1_chr6_143382086_141,141,-,U2OS,wild-type,FANCF-1,GGAATCCCTTCTGCAGCACCNGG,GGATTGCCATCCGCAGCACCTGG,4
chr10,43410013,43410036,wild-type_FANCF-1_chr10_43410030_54,54,+,U2OS,wild-type,FANCF-1,GGAATCCCTTCTGCAGCACCNGG,GGAGTCCCTCCTACAGCACCAGG,3
chr17,78923960,78923983,wild-type_FANCF-1_chr17_78923977_5,5,+,U2OS,wild-type,FANCF-1,GGAATCCCTTCTGCAGCACCNGG,AGAGGCCCCTCTGCAGCACCAGG,4
chr11,22647337,22647360,wild-type_FANCF-2_chr11_22647354_3502,3502,+,U2OS,wild-type,FANCF-2,GCTGCAGAAGGGATTCCATGNGG,GCTGCAGAAGGGATTCCATGAGG,0
chr22,36952994,36953017,wild-type_FANCF-2_chr22_36953001_3115,3115,-,U2OS,wild-type,FANCF-2,GCTGCAGAAGGGATTCCATGNGG,GCTGCAGAAGGGATTCCAAGGGG,1
chr6,27732621,27732644,wild-type_FANCF-2_chr6_27732628_1243,1243,-,U2OS,wild-type,FANCF-2,GCTGCAGAAGGGATTCCATGNGG,GACGCAGAAGGGACTCCATGGGG,4
chr17,57498745,57498768,wild-type_FANCF-2_chr17_57498752_888,888,-,U2OS,wild-type,FANCF-2,GCTGCAGAAGGGATTCCATGNGG,GGTACAGAAGGGCTTCCATGAGG,3
chr3,15211550,15211573,wild-type_FANCF-2_chr3_15211568_848,848,+,U2OS,wild-type,FANCF-2,GCTGCAGAAGGGATTCCATGNGG,GCTGCAAAAAGGATTCCAGGGGG,3
chr1,74228695,74228718,wild-type_FANCF-2_chr1_74228712_695,695,+,U2OS,wild-type,FANCF-2,GCTGCAGAAGGGATTCCATGNGG,ACTGCAAAATGGATTCCATGGGG,3
chr11,43946403,43946426,wild-type_FANCF-2_chr11_43946422_549,549,+,U2OS,wild-type,FANCF-2,GCTGCAGAAGGGATTCCATGNGG,GCTGGAGGAAGGATTCCATGGGG,3
chr11,66609702,66609725,wild-type_FANCF-2_chr11_66609709_158,158,-,U2OS,wild-type,FANCF-2,GCTGCAGAAGGGATTCCATGNGG,TGTGAAGAAGGGTTTCCATGAGG,4
chr20,43957288,43957311,wild-type_FANCF-2_chr20_43957292_152,152,-,U2OS,wild-type,FANCF-2,GCTGCAGAAGGGATTCCATGNGG,GCCACAGAAGGGATTCTATGAAG,4
chr3,65846354,65846377,wild-type_FANCF-2_chr3_65846371_148,148,+,U2OS,wild-type,FANCF-2,GCTGCAGAAGGGATTCCATGNGG,GCTGCTGAACAGATTCCATGGGG,3
chr2,104988009,104988032,wild-type_FANCF-2_chr2_104988025_145,145,+,U2OS,wild-type,FANCF-2,GCTGCAGAAGGGATTCCATGNGG,GCTGCTGAAAGGATTCTATGGGG,3
chr8,125220703,125220726,wild-type_FANCF-2_chr8_125220720_111,111,+,U2OS,wild-type,FANCF-2,GCTGCAGAAGGGATTCCATGNGG,CAAGCAGAAGGGATTCCACAAGG,5
chr7,2640768,2640791,wild-type_FANCF-2_chr7_2640775_33,33,-,U2OS,wild-type,FANCF-2,GCTGCAGAAGGGATTCCATGNGG,TGTGCAGAAGGGACTCCATTAGG,4
chr7,29368647,29368670,wild-type_FANCF-2_chr7_29368654_33,33,-,U2OS,wild-type,FANCF-2,GCTGCAGAAGGGATTCCATGNGG,ACTGCTAAAAGGATTCCATGTGG,4
chr2,189157515,189157538,wild-type_FANCF-2_chr2_189157522_30,30,-,U2OS,wild-type,FANCF-2,GCTGCAGAAGGGATTCCATGNGG,GCAGCAGAAGGGTAACCATGTGG,4
chr11,75614687,75614710,wild-type_FANCF-2_chr11_75614693_26,26,-,U2OS,wild-type,FANCF-2,GCTGCAGAAGGGATTCCATGNGG,GCTGCAGTAAAGATTCCATCTGG,4
chr16,84517406,84517429,wild-type_FANCF-2_chr16_84517423_25,25,+,U2OS,wild-type,FANCF-2,GCTGCAGAAGGGATTCCATGNGG,CATGGAGAAGGGATCCCATGAGG,4
chr1,219492749,219492772,wild-type_FANCF-2_chr1_219492768_22,22,+,U2OS,wild-type,FANCF-2,GCTGCAGAAGGGATTCCATGNGG,ACTGCTGAGAGGATTCCATGAGG,4
chr6,4223819,4223842,wild-type_FANCF-2_chr6_4223826_20,20,-,U2OS,wild-type,FANCF-2,GCTGCAGAAGGGATTCCATGNGG,GCTCCAGGAGGGACTCCATGTGG,3
chr8,118919330,118919353,wild-type_FANCF-2_chr8_118919340_20,20,-,U2OS,wild-type,FANCF-2,GCTGCAGAAGGGATTCCATGNGG,AAGGAAGAAGGGATACCTTGAGG,6
chr2,48616199,48616222,wild-type_FANCF-2_chr2_48616217_6,6,+,U2OS,wild-type,FANCF-2,GCTGCAGAAGGGATTCCATGNGG,GCTGAAGAAGAGATTCCAGGAGG,3
chr1,61919760,61919783,wild-type_FANCF-2_chr1_61919767_5,5,-,U2OS,wild-type,FANCF-2,GCTGCAGAAGGGATTCCATGNGG,CCTGTGGAAGAGATTCCATTAGG,5
chr2,102687079,102687102,wild-type_FANCF-2_chr2_102687086_5,5,-,U2OS,wild-type,FANCF-2,GCTGCAGAAGGGATTCCATGNGG,GAAGCAGAAAGAATTCCATGGGG,5
chr7,30517758,30517781,wild-type_FANCF-2_chr7_30517775_5,5,+,U2OS,wild-type,FANCF-2,GCTGCAGAAGGGATTCCATGNGG,TCTGCAGGCGGGACTCCATGAAG,5
chr3,21753305,21753328,wild-type_FANCF-2_chr3_21753321_4,4,+,U2OS,wild-type,FANCF-2,GCTGCAGAAGGGATTCCATGNGG,ACTGAGGTAGGAATTCCATCTGG,6
chr3,63221339,63221362,wild-type_FANCF-2_chr3_63221348_4,4,-,U2OS,wild-type,FANCF-2,GCTGCAGAAGGGATTCCATGNGG,GGTACAGAAGGGAGTCCATGGGG,3
chr11,22647155,22647178,wild-type_FANCF-3_chr11_22647161_4387,4387,-,U2OS,wild-type,FANCF-3,GGCGGCTGCACAACCAGTGGNGG,GGCGGCTGCACAACCAGTGGAGG,0
chr8,128941226,128941249,wild-type_FANCF-3_chr8_128941243_804,804,+,U2OS,wild-type,FANCF-3,GGCGGCTGCACAACCAGTGGNGG,TGCGGCTGCACAGCCAGTGGGAG,3
chr19,3511567,3511590,wild-type_FANCF-3_chr19_3511584_94,94,+,U2OS,wild-type,FANCF-3,GGCGGCTGCACAACCAGTGGNGG,ATAGGCTGCACACCCAGTGGGGG,4
chr14,100803681,100803704,wild-type_FANCF-3_chr14_100803699_80,80,+,U2OS,wild-type,FANCF-3,GGCGGCTGCACAACCAGTGGNGG,TGGGGGCGCACAGCCAGTGGGGG,5
chr20,40139036,40139059,wild-type_FANCF-3_chr20_40139042_30,30,-,U2OS,wild-type,FANCF-3,GGCGGCTGCACAACCAGTGGNGG,GCAGGCTACACAACCAGTGAGGG,5
chr19,18538867,18538890,wild-type_FANCF-3_chr19_18538883_27,27,+,U2OS,wild-type,FANCF-3,GGCGGCTGCACAACCAGTGGNGG,GGGGGCTGCACAGCCAGAGGAGG,3
chr22,46927542,46927565,wild-type_FANCF-3_chr22_46927548_20,20,-,U2OS,wild-type,FANCF-3,GGCGGCTGCACAACCAGTGGNGG,CAGGACTGCACAGCCAGTGGGGG,5
chr8,128954663,128954686,wild-type_FANCF-3_chr8_128954681_17,17,+,U2OS,wild-type,FANCF-3,GGCGGCTGCACAACCAGTGGNGG,GGCAACTACACAGCCAGTGGTGG,4
chr4,4841038,4841061,wild-type_FANCF-3_chr4_4841044_11,11,-,U2OS,wild-type,FANCF-3,GGCGGCTGCACAACCAGTGGNGG,GCAGGCTGCACAGCCAGGGGCGG,5
chr11,22647178,22647201,wild-type_FANCF-4_chr11_22647195_4901,4901,+,U2OS,wild-type,FANCF-4,GCTCCAGAGCCGTGCGAATGNGG,GCTCCAGAGCCGTGCGAATGGGG,0
chr21,36421192,36421215,wild-type_RUNX1-1_chr21_36421199_4335,4335,-,U2OS,wild-type,RUNX1-1,GCATTTTCAGGAGGAAGCGANGG,GCATTTTCAGGAGGAAGCGATGG,0
chr14,97265074,97265097,wild-type_RUNX1-1_chr14_97265091_2670,2670,+,U2OS,wild-type,RUNX1-1,GCATTTTCAGGAGGAAGCGANGG,GCATTTTCAGAAGGAAGCAAGGG,2
chr6,36756956,36756979,wild-type_RUNX1-1_chr6_36756974_2,2,+,U2OS,wild-type,RUNX1-1,GCATTTTCAGGAGGAAGCGANGG,ACAATCTCAGGAGGAAGGGAGGG,4
chr22,37662817,37662840,wild-type_VEGFA_3_chr22_37662824_2401,2401,-,U2OS,wild-type,VEGFA_3,GGTGAGTGAGTGTGTGCGTGNGG,GCTGAGTGAGTGTATGCGTGTGG,2
chr5,115434658,115434681,wild-type_VEGFA_3_chr5_115434675_2214,2214,+,U2OS,wild-type,VEGFA_3,GGTGAGTGAGTGTGTGCGTGNGG,TGTGGGTGAGTGTGTGCGTGAGG,2
chr14,65569152,65569175,wild-type_VEGFA_3_chr14_65569159_1970,1970,-,U2OS,wild-type,VEGFA_3,GGTGAGTGAGTGTGTGCGTGNGG,AGTGAGTGAGTGTGTGTGTGGGG,2
chr5,89440962,89440985,wild-type_VEGFA_3_chr5_89440969_1560,1560,-,U2OS,wild-type,VEGFA_3,GGTGAGTGAGTGTGTGCGTGNGG,AGAGAGTGAGTGTGTGCATGAGG,3
chr6,43737453,43737476,wild-type_VEGFA_3_chr6_43737470_1406,1406,+,U2OS,wild-type,VEGFA_3,GGTGAGTGAGTGTGTGCGTGNGG,GGTGAGTGAGTGTGTGCGTGTGG,0
chr11,68851125,68851148,wild-type_VEGFA_3_chr11_68851137_1380,1380,+,U2OS,wild-type,VEGFA_3,GGTGAGTGAGTGTGTGCGTGNGG,GGTGAGTGAGTGCGTGCGGGTGG,2
chr10,98760581,98760604,wild-type_VEGFA_3_chr10_98760588_993,993,-,U2OS,wild-type,VEGFA_3,GGTGAGTGAGTGTGTGCGTGNGG,GTTGAGTGAATGTGTGCGTGAGG,2
chr14,74353479,74353502,wild-type_VEGFA_3_chr14_74353496_884,884,+,U2OS,wild-type,VEGFA_3,GGTGAGTGAGTGTGTGCGTGNGG,AGCGAGTGGGTGTGTGCGTGGGG,3
chr9,23824547,23824570,wild-type_VEGFA_3_chr9_23824554_814,814,-,U2OS,wild-type,VEGFA_3,GGTGAGTGAGTGTGTGCGTGNGG,TGTGGGTGAGTGTGTGCGTGAGA,3
chr14,62078766,62078789,wild-type_VEGFA_3_chr14_62078771_712,712,-,U2OS,wild-type,VEGFA_3,GGTGAGTGAGTGTGTGCGTGNGG,TGTGAGTAAGTGTGTGTGTGTGG,3
chr3,193993877,193993900,wild-type_VEGFA_3_chr3_193993884_572,572,-,U2OS,wild-type,VEGFA_3,GGTGAGTGAGTGTGTGCGTGNGG,AGTGAATGAGTGTGTGTGTGTGG,3
chr20,20178277,20178300,wild-type_VEGFA_3_chr20_20178284_345,345,-,U2OS,wild-type,VEGFA_3,GGTGAGTGAGTGTGTGCGTGNGG,AGTGTGTGAGTGTGTGCGTGTGG,2
chr16,74898113,74898136,wild-type_VEGFA_3_chr16_74898120_127,127,-,U2OS,wild-type,VEGFA_3,GGTGAGTGAGTGTGTGCGTGNGG,GGTGAGAGAGTGTGTGCGTAGGA,3
chr12,6937038,6937061,wild-type_VEGFA_3_chr12_6937055_104,104,+,U2OS,wild-type,VEGFA_3,GGTGAGTGAGTGTGTGCGTGNGG,GGTGGATGAGTGTGTGTGTGGGG,3
chr16,80016313,80016336,wild-type_VEGFA_3_chr16_80016330_87,87,+,U2OS,wild-type,VEGFA_3,GGTGAGTGAGTGTGTGCGTGNGG,TGTGAGTGAGTGTGTGCGTGTGA,2
chr19,40561860,40561883,wild-type_VEGFA_3_chr19_40561867_87,87,-,U2OS,wild-type,VEGFA_3,GGTGAGTGAGTGTGTGCGTGNGG,ACTGTGTGAGTGTGTGCGTGAGG,3
chr2,18696207,18696230,wild-type_VEGFA_3_chr2_18696222_74,74,+,U2OS,wild-type,VEGFA_3,GGTGAGTGAGTGTGTGCGTGNGG,AGTGAGAAAGTGTGTGCATGCGG,4
chr14,106029014,106029037,wild-type_VEGFA_3_chr14_106029036_64,64,+,U2OS,wild-type,VEGFA_3,GGTGAGTGAGTGTGTGCGTGNGG,GGTGAGTGAGTGTGTGTGTGAGG,1
chr22,49739983,49740006,wild-type_VEGFA_3_chr22_49740000_56,56,+,U2OS,wild-type,VEGFA_3,GGTGAGTGAGTGTGTGCGTGNGG,GGTGTGTGAGTGTGTGTGTGTGG,2
chr2,230506234,230506257,wild-type_VEGFA_3_chr2_230506239_53,53,-,U2OS,wild-type,VEGFA_3,GGTGAGTGAGTGTGTGCGTGNGG,GGTGAGCAAGTGTGTGTGTGTGG,3
chr9,18733628,18733651,wild-type_VEGFA_3_chr9_18733629_47,47,-,U2OS,wild-type,VEGFA_3,GGTGAGTGAGTGTGTGCGTGNGG,AGCGAGTGAGTGTGTGTGTGGGG,3
chr19,47732485,47732508,wild-type_VEGFA_3_chr19_47732493_13,13,-,U2OS,wild-type,VEGFA_3,GGTGAGTGAGTGTGTGCGTGNGG,CTGGAGTGAGTGTGTGTGTGTGG,4
chr3,71632802,71632825,wild-type_VEGFA_3_chr3_71632809_12,12,-,U2OS,wild-type,VEGFA_3,GGTGAGTGAGTGTGTGCGTGNGG,CGCGAGTGAGTGTGTGCGCGGGG,3
chr4,58326590,58326613,wild-type_VEGFA_3_chr4_58326607_10,10,+,U2OS,wild-type,VEGFA_3,GGTGAGTGAGTGTGTGCGTGNGG,AGTGAGTGAGTGAGTGAGTGAGG,3
chr11,79178505,79178528,wild-type_VEGFA_3_chr11_79178522_7,7,+,U2OS,wild-type,VEGFA_3,GGTGAGTGAGTGTGTGCGTGNGG,AGTGAGTGAGTGAGTGAGTGGGG,3
chr6,157078320,157078343,wild-type_VEGFA_3_chr6_157078327_7,7,-,U2OS,wild-type,VEGFA_3,GGTGAGTGAGTGTGTGCGTGNGG,GATGAGTGAGTGAGTGAGTGGGG,3
chr10,5749650,5749673,wild-type_VEGFA_3_chr10_5749655_6,6,-,U2OS,wild-type,VEGFA_3,GGTGAGTGAGTGTGTGCGTGNGG,AGTGAGTATGTGTGTGTGTGGGG,4
chr10,130228336,130228359,wild-type_VEGFA_3_chr10_130228353_4,4,+,U2OS,wild-type,VEGFA_3,GGTGAGTGAGTGTGTGCGTGNGG,AGGGAGTGACTGTGTGCGTGTGG,3
chr13,114882982,114883005,wild-type_VEGFA_3_chr13_114882999_4,4,+,U2OS,wild-type,VEGFA_3,GGTGAGTGAGTGTGTGCGTGNGG,TGTGGGTGAGCATGTGCGTGAGG,4
chr18,45549840,45549863,wild-type_VEGFA_3_chr18_45549859_4,4,+,U2OS,wild-type,VEGFA_3,GGTGAGTGAGTGTGTGCGTGNGG,AGTGACTGAGTGTGTGTGTGTGA,4
chr2,73317043,73317066,wild-type_VEGFA_3_chr2_73317051_4,4,-,U2OS,wild-type,VEGFA_3,GGTGAGTGAGTGTGTGCGTGNGG,GGTGAGTCAGTGTGTGAGTGAGG,2
chr5,29367372,29367395,wild-type_VEGFA_3_chr5_29367379_4,4,-,U2OS,wild-type,VEGFA_3,GGTGAGTGAGTGTGTGCGTGNGG,TGTGAGTGAGTGTGTGTATGGGG,3
chr4,62067612,62067635,wild-type_VEGFA_3_chr4_62067619_3,3,-,U2OS,wild-type,VEGFA_3,GGTGAGTGAGTGTGTGCGTGNGG,GATGAGTGTGTGTGTGTGTGAGG,3
chr2,242214589,242214612,wild-type_VEGFA_2_chr2_242214606_2105,2105,+,U2OS,wild-type,VEGFA_2,GACCCCCTCCACCCCGCCTCNGG,ATTCCCCCCCACCCCGCCTCAGG,4
chr11,71948787,71948810,wild-type_VEGFA_2_chr11_71948804_1942,1942,+,U2OS,wild-type,VEGFA_2,GACCCCCTCCACCCCGCCTCNGG,GCTTCCCTCCACCCCGCATCCGG,5
chr9,103599642,103599665,wild-type_VEGFA_2_chr9_103599649_1687,1687,-,U2OS,wild-type,VEGFA_2,GACCCCCTCCACCCCGCCTCNGG,ACACCCCCCCACCCCGCCTCAGG,4
chr5,6715101,6715124,wild-type_VEGFA_2_chr5_6715118_1679,1679,+,U2OS,wild-type,VEGFA_2,GACCCCCTCCACCCCGCCTCNGG,CTACCCCTCCACCCCGCCTCCGG,3
chr2,12744758,12744781,wild-type_VEGFA_2_chr2_12744775_1404,1404,+,U2OS,wild-type,VEGFA_2,GACCCCCTCCACCCCGCCTCNGG,GACACACCCCACCCCACCTCAGG,4
chr4,38537610,38537633,wild-type_VEGFA_2_chr4_38537627_1315,1315,+,U2OS,wild-type,VEGFA_2,GACCCCCTCCACCCCGCCTCNGG,CTCCCCACCCACCCCGCCTCAGG,4
chr3,31458651,31458674,wild-type_VEGFA_2_chr3_31458658_1314,1314,-,U2OS,wild-type,VEGFA_2,GACCCCCTCCACCCCGCCTCNGG,CTTCCCCCACACCCCGCCCCAGG,6
chr22,50884785,50884808,wild-type_VEGFA_2_chr22_50884803_1154,1154,+,U2OS,wild-type,VEGFA_2,GACCCCCTCCACCCCGCCTCNGG,CCCCCCCCCCCCCCCGCCTCCGG,4
chr15,33286100,33286123,wild-type_VEGFA_2_chr15_33286107_1059,1059,-,U2OS,wild-type,VEGFA_2,GACCCCCTCCACCCCGCCTCNGG,GACCCCCCCCACCCCGCCCCCGG,2
chr16,56963422,56963445,wild-type_VEGFA_2_chr16_56963429_1045,1045,-,U2OS,wild-type,VEGFA_2,GACCCCCTCCACCCCGCCTCNGG,TGCCCCCCCCACCCCACCTCTGG,4
chr8,144822944,144822967,wild-type_VEGFA_2_chr8_144822961_913,913,+,U2OS,wild-type,VEGFA_2,GACCCCCTCCACCCCGCCTCNGG,GTACCCCACCACCCCGCCCCAGG,5
chr2,43608521,43608544,wild-type_VEGFA_2_chr2_43608538_899,899,+,U2OS,wild-type,VEGFA_2,GACCCCCTCCACCCCGCCTCNGG,TACTCCCCCCACCCAGCCTCAGG,4
chr17,4358745,4358768,wild-type_VEGFA_2_chr17_4358752_898,898,-,U2OS,wild-type,VEGFA_2,GACCCCCTCCACCCCGCCTCNGG,TACCCCCCACACCCCGCCTCTGG,3
chrX,149932511,149932534,wild-type_VEGFA_2_chrX_149932528_867,867,+,U2OS,wild-type,VEGFA_2,GACCCCCTCCACCCCGCCTCNGG,CTGCCCCCCCACCCCGCCACTGG,5
chr17,40044750,40044773,wild-type_VEGFA_2_chr17_40044757_834,834,-,U2OS,wild-type,VEGFA_2,GACCCCCTCCACCCCGCCTCNGG,TGCCCCTCCCACCCCGCCTCTGG,4
chr16,82734564,82734587,wild-type_VEGFA_2_chr16_82734581_829,829,+,U2OS,wild-type,VEGFA_2,GACCCCCTCCACCCCGCCTCNGG,CCCCCCCCCCCCCCCGCCCCGGG,5
chr20,10913954,10913977,wild-type_VEGFA_2_chr20_10913961_727,727,-,U2OS,wild-type,VEGFA_2,GACCCCCTCCACCCCGCCTCNGG,CCACCCCCCCACCCCGCCCCTGG,5
chr10,116294249,116294272,wild-type_VEGFA_2_chr10_116294256_684,684,-,U2OS,wild-type,VEGFA_2,GACCCCCTCCACCCCGCCTCNGG,CCCCACCCCCACCCCGCCTCAGG,4
chr19,13122171,13122194,wild-type_VEGFA_2_chr19_13122188_664,664,+,U2OS,wild-type,VEGFA_2,GACCCCCTCCACCCCGCCTCNGG,GCCCCCCACCACCCCACCTCGGG,3
chr11,76495782,76495805,wild-type_VEGFA_2_chr11_76495790_641,641,-,U2OS,wild-type,VEGFA_2,GACCCCCTCCACCCCGCCTCNGG,CACCCCCCCCCCCCCACCTCCGG,4
chr4,8841910,8841933,wild-type_VEGFA_2_chr4_8841917_636,636,-,U2OS,wild-type,VEGFA_2,GACCCCCTCCACCCCGCCTCNGG,CATACCCCCCACCCCGCCCCGGG,6
chr18,21359552,21359575,wild-type_VEGFA_2_chr18_21359559_632,632,-,U2OS,wild-type,VEGFA_2,GACCCCCTCCACCCCGCCTCNGG,GCCCCCACCCACCCCGCCTCTGG,3
chr7,95319670,95319693,wild-type_VEGFA_2_chr7_95319677_632,632,-,U2OS,wild-type,VEGFA_2,GACCCCCTCCACCCCGCCTCNGG,GACCCCTCACACCCCGCCCCTGG,4
chr13,100546982,100547005,wild-type_VEGFA_2_chr13_100546988_617,617,-,U2OS,wild-type,VEGFA_2,GACCCCCTCCACCCCGCCTCNGG,CCCCCCCCCCCCCCCGCCTCAGG,4
chr9,27338857,27338880,wild-type_VEGFA_2_chr9_27338874_602,602,+,U2OS,wild-type,VEGFA_2,GACCCCCTCCACCCCGCCTCNGG,GACCCCTCCCACCCCGACTCCGG,3
chr8,18041539,18041562,wild-type_VEGFA_2_chr8_18041546_557,557,-,U2OS,wild-type,VEGFA_2,GACCCCCTCCACCCCGCCTCNGG,CCCCCCCACCACCCCGCCCCGGG,4
chr11,31817476,31817499,wild-type_VEGFA_2_chr11_31817483_534,534,-,U2OS,wild-type,VEGFA_2,GACCCCCTCCACCCCGCCTCNGG,GGGCCCCTCCACCCCGCCTCTGG,3
chr11,13948353,13948376,wild-type_VEGFA_2_chr11_13948370_514,514,+,U2OS,wild-type,VEGFA_2,GACCCCCTCCACCCCGCCTCNGG,TACCCCCCCCACCCCGCCACAGG,3
chr12,26025088,26025111,wild-type_VEGFA_2_chr12_26025095_506,506,-,U2OS,wild-type,VEGFA_2,GACCCCCTCCACCCCGCCTCNGG,CATTCCCCCCACCCCACCTCAGG,6
chr13,26626225,26626248,wild-type_VEGFA_2_chr13_26626232_478,478,+,U2OS,wild-type,VEGFA_2,GACCCCCTCCACCCCGCCTCNGG,TCCCCCCCACCCCCGACCTCAGG,7
chr1,875320,875343,wild-type_VEGFA_2_chr1_875338_425,425,+,U2OS,wild-type,VEGFA_2,GACCCCCTCCACCCCGCCTCNGG,GACCCTGTCCACCCCACCTCAGG,3
chr11,12308917,12308940,wild-type_VEGFA_2_chr11_12308934_400,400,+,U2OS,wild-type,VEGFA_2,GACCCCCTCCACCCCGCCTCNGG,ATCCCCCTCCACCCCACCCCTGG,4
chr11,63391083,63391106,wild-type_VEGFA_2_chr11_63391090_399,399,-,U2OS,wild-type,VEGFA_2,GACCCCCTCCACCCCGCCTCNGG,GACACCTTCCACCCCGTCTCTGG,3
chr10,135149930,135149953,wild-type_VEGFA_2_chr10_135149947_397,397,+,U2OS,wild-type,VEGFA_2,GACCCCCTCCACCCCGCCTCNGG,CGCCCTCCCCACCCCGCCTCCGG,4
chr17,16954845,16954868,wild-type_VEGFA_2_chr17_16954852_389,389,-,U2OS,wild-type,VEGFA_2,GACCCCCTCCACCCCGCCTCNGG,CTCCCCCGCCACCCCGCCCCAGG,4
chr1,151031868,151031891,wild-type_VEGFA_2_chr1_151031885_362,362,+,U2OS,wild-type,VEGFA_2,GACCCCCTCCACCCCGCCTCNGG,CCTCCCCCACACCCCGCATCCGG,6
chr3,140398783,140398806,wild-type_VEGFA_2_chr3_140398800_349,349,+,U2OS,wild-type,VEGFA_2,GACCCCCTCCACCCCGCCTCNGG,CAACCCCCCCACCCCGCTTCAGG,4
chr6,43738555,43738578,wild-type_VEGFA_2_chr6_43738562_334,334,-,U2OS,wild-type,VEGFA_2,GACCCCCTCCACCCCGCCTCNGG,GACCCCCTCCACCCCGCCTCCGG,0
chr7,104933938,104933961,wild-type_VEGFA_2_chr7_104933955_279,279,+,U2OS,wild-type,VEGFA_2,GACCCCCTCCACCCCGCCTCNGG,TCCACCCCCCACCCCGCCCCGGG,5
chr9,126138174,126138197,wild-type_VEGFA_2_chr9_126138181_250,250,-,U2OS,wild-type,VEGFA_2,GACCCCCTCCACCCCGCCTCNGG,CACTCCCCCCACCCCGCCCCAGG,4
chr22,40102383,40102406,wild-type_VEGFA_2_chr22_40102400_231,231,+,U2OS,wild-type,VEGFA_2,GACCCCCTCCACCCCGCCTCNGG,GTCCCTCCCCACCCCGCCTTGGG,4
chr11,61321432,61321455,wild-type_VEGFA_2_chr11_61321438_224,224,-,U2OS,wild-type,VEGFA_2,GACCCCCTCCACCCCGCCTCNGG,CACCCCCTCCCCTCCGCCTCAGG,3
chr11,2686242,2686265,wild-type_VEGFA_2_chr11_2686250_219,219,-,U2OS,wild-type,VEGFA_2,GACCCCCTCCACCCCGCCTCNGG,CTCACCCCCCACCCCACCTCTGG,5
chrX,129040623,129040646,wild-type_VEGFA_2_chrX_129040640_199,199,+,U2OS,wild-type,VEGFA_2,GACCCCCTCCACCCCGCCTCNGG,TGCCCCCCCCACCCCGCCCCCGG,4
chr19,42806794,42806817,wild-type_VEGFA_2_chr19_42806801_194,194,-,U2OS,wild-type,VEGFA_2,GACCCCCTCCACCCCGCCTCNGG,TTCTCCCTCCTCCCCGCCTCGGG,4
chr7,50765511,50765534,wild-type_VEGFA_2_chr7_50765528_194,194,+,U2OS,wild-type,VEGFA_2,GACCCCCTCCACCCCGCCTCNGG,AACCACCCCCACCCCACCCCAGG,5
chr10,72538200,72538223,wild-type_VEGFA_2_chr10_72538217_191,191,+,U2OS,wild-type,VEGFA_2,GACCCCCTCCACCCCGCCTCNGG,CAGTCCCCCCACCCCACCTCTGG,6
chr11,65479762,65479785,wild-type_VEGFA_2_chr11_65479769_187,187,-,U2OS,wild-type,VEGFA_2,GACCCCCTCCACCCCGCCTCNGG,GGCTCCCTCCGCCCCGCCCCGGG,4
chr2,170573333,170573356,wild-type_VEGFA_2_chr2_170573350_183,183,+,U2OS,wild-type,VEGFA_2,GACCCCCTCCACCCCGCCTCNGG,CCACCCCCCCACCCCGCCCCAGG,5
chr7,44253549,44253572,wild-type_VEGFA_2_chr7_44253556_169,169,-,U2OS,wild-type,VEGFA_2,GACCCCCTCCACCCCGCCTCNGG,GGCCCACTCCACTCCGTCTCCGG,4
chr12,manual alignment site,,wild-type_VEGFA2_chr12_106053709_155,155,,U2OS,wild-type,VEGFA_2,GACCCCCTCCACCCCGCCTCNGG,TTCCCCCTCCACCCCAGCCTCTGG,3
chr17,55740522,55740545,wild-type_VEGFA_2_chr17_55740529_149,149,-,U2OS,wild-type,VEGFA_2,GACCCCCTCCACCCCGCCTCNGG,CCGCCCCTCCACCCCGCCACTGG,4
chr8,145008398,145008421,wild-type_VEGFA_2_chr8_145008405_146,146,-,U2OS,wild-type,VEGFA_2,GACCCCCTCCACCCCGCCTCNGG,CCCCCTCCCCGCCCCGCCCCCGG,6
chr10,133956638,133956661,wild-type_VEGFA_2_chr10_133956645_140,140,-,U2OS,wild-type,VEGFA_2,GACCCCCTCCACCCCGCCTCNGG,AGCCCCCCCCACCCCGACTCAGG,4
chr19,28341691,28341714,wild-type_VEGFA_2_chr19_28341698_139,139,-,U2OS,wild-type,VEGFA_2,GACCCCCTCCACCCCGCCTCNGG,AGCCCCCCCCACCCCGCCCCTGG,4
chr5,164256157,164256180,wild-type_VEGFA_2_chr5_164256163_139,139,-,U2OS,wild-type,VEGFA_2,GACCCCCTCCACCCCGCCTCNGG,CCCCCCACCCACCCCACCCCAGA,7
chrX,152837111,152837134,wild-type_VEGFA_2_chrX_152837128_135,135,+,U2OS,wild-type,VEGFA_2,GACCCCCTCCACCCCGCCTCNGG,GTCCCCCTCCTCCCCACCTCCGG,3
chr4,7329529,7329552,wild-type_VEGFA_2_chr4_7329546_124,124,+,U2OS,wild-type,VEGFA_2,GACCCCCTCCACCCCGCCTCNGG,GCCCCCCCCAACCCCGCCCCCGG,4
chr11,83433593,83433616,wild-type_VEGFA_2_chr11_83433600_113,113,-,U2OS,wild-type,VEGFA_2,GACCCCCTCCACCCCGCCTCNGG,GTCACTCCCCACCCCGCCTCTGG,4
chr5,14457486,14457509,wild-type_VEGFA_2_chr5_14457504_109,109,+,U2OS,wild-type,VEGFA_2,GACCCCCTCCACCCCGCCTCNGG,CCCCCCCCCCGCCCCGCCCCCCG,6
chr9,2666721,2666744,wild-type_VEGFA_2_chr9_2666738_109,109,+,U2OS,wild-type,VEGFA_2,GACCCCCTCCACCCCGCCTCNGG,AGCCGCCCCCACCCCGCCCCCGG,5
chr11,374660,374683,wild-type_VEGFA_2_chr11_374667_103,103,-,U2OS,wild-type,VEGFA_2,GACCCCCTCCACCCCGCCTCNGG,AGGCCCCCCCGCCCCGCCTCAGG,5
chr9,37465347,37465370,wild-type_VEGFA_2_chr9_37465364_97,97,+,U2OS,wild-type,VEGFA_2,GACCCCCTCCACCCCGCCTCNGG,CCCCCCTCCCACCCCGCCTCTAG,5
chr19,14142968,14142991,wild-type_VEGFA_2_chr19_14142975_89,89,-,U2OS,wild-type,VEGFA_2,GACCCCCTCCACCCCGCCTCNGG,GAGCTCCCCCACCCCGCCCCGGG,4
chr2,24857576,24857599,wild-type_VEGFA_2_chr2_24857593_89,89,+,U2OS,wild-type,VEGFA_2,GACCCCCTCCACCCCGCCTCNGG,ACCCCCCCCCCCCCCGCCCCCGG,5
chr9,130663069,130663092,wild-type_VEGFA_2_chr9_130663086_87,87,+,U2OS,wild-type,VEGFA_2,GACCCCCTCCACCCCGCCTCNGG,CCCCCACCCCACCCCGCCTCCAG,5
chr5,132860358,132860381,wild-type_VEGFA_2_chr5_132860375_81,81,+,U2OS,wild-type,VEGFA_2,GACCCCCTCCACCCCGCCTCNGG,TGCACCCCCCACCCCGCCCCTGG,5
chr19,45952037,45952060,wild-type_VEGFA_2_chr19_45952054_80,80,+,U2OS,wild-type,VEGFA_2,GACCCCCTCCACCCCGCCTCNGG,AAGACCCCCCACCCCGCCCCAGG,6
chr2,129244195,129244218,wild-type_VEGFA_2_chr2_129244202_79,79,-,U2OS,wild-type,VEGFA_2,GACCCCCTCCACCCCGCCTCNGG,CCCCCCCCCCACCCCGCCCCCGG,4
chr22,45134887,45134910,wild-type_VEGFA_2_chr22_45134894_76,76,-,U2OS,wild-type,VEGFA_2,GACCCCCTCCACCCCGCCTCNGG,CACCCACTACTCCCCGCCTCAGG,4
chr17,58404851,58404874,wild-type_VEGFA_2_chr17_58404869_71,71,+,U2OS,wild-type,VEGFA_2,GACCCCCTCCACCCCGCCTCNGG,CGCCCACCCCACCCCACCTCAGG,5
chr4,1496240,1496263,wild-type_VEGFA_2_chr4_1496257_69,69,+,U2OS,wild-type,VEGFA_2,GACCCCCTCCACCCCGCCTCNGG,AGGCCCCCACACCCCGCCTCAGG,5
chr19,51915512,51915535,wild-type_VEGFA_2_chr19_51915519_68,68,-,U2OS,wild-type,VEGFA_2,GACCCCCTCCACCCCGCCTCNGG,AACACCCCCCACCCCACCCCGGG,5
chr1,237195674,237195697,wild-type_VEGFA_2_chr1_237195681_65,65,-,U2OS,wild-type,VEGFA_2,GACCCCCTCCACCCCGCCTCNGG,AACCCCACCCACCCCATCTCAGG,5
chr12,57604315,57604338,wild-type_VEGFA_2_chr12_57604331_65,65,+,U2OS,wild-type,VEGFA_2,GACCCCCTCCACCCCGCCTCNGG,GCCACCCACCACCCCACCTCAGG,4
chr2,221535825,221535848,wild-type_VEGFA_2_chr2_221535833_64,64,-,U2OS,wild-type,VEGFA_2,GACCCCCTCCACCCCGCCTCNGG,ACACCCCCCCACCCCACCCCAGG,6
chr17,62167047,62167070,wild-type_VEGFA_2_chr17_62167054_63,63,-,U2OS,wild-type,VEGFA_2,GACCCCCTCCACCCCGCCTCNGG,ACTCCCCTCCACCCCGGCTCGGG,4
chr6,2738203,2738226,wild-type_VEGFA_2_chr6_2738210_63,63,-,U2OS,wild-type,VEGFA_2,GACCCCCTCCACCCCGCCTCNGG,ACCCCCCCCCCACCCGCCCCCGG,6
chr22,47511238,47511261,wild-type_VEGFA_2_chr22_47511255_62,62,+,U2OS,wild-type,VEGFA_2,GACCCCCTCCACCCCGCCTCNGG,GCCCCCCACCACCCCACCCCCGG,4
chr10,102821500,102821523,wild-type_VEGFA_2_chr10_102821517_59,59,+,U2OS,wild-type,VEGFA_2,GACCCCCTCCACCCCGCCTCNGG,CTACCCCCACTCCCCGCCTCCGG,6
chr7,142960401,142960424,wild-type_VEGFA_2_chr7_142960419_51,51,+,U2OS,wild-type,VEGFA_2,GACCCCCTCCACCCCGCCTCNGG,GTCCCTACCCACCCCGCCCCTGG,5
chr11,133777440,133777463,wild-type_VEGFA_2_chr11_133777457_50,50,+,U2OS,wild-type,VEGFA_2,GACCCCCTCCACCCCGCCTCNGG,TCTCCCCTCCACCCCGCCCTCGG,5
chr2,11699947,11699970,wild-type_VEGFA_2_chr2_11699964_49,49,+,U2OS,wild-type,VEGFA_2,GACCCCCTCCACCCCGCCTCNGG,CTCCCTCCCCACCCCACCTCTGG,5
chr22,43684478,43684501,wild-type_VEGFA_2_chr22_43684495_45,45,+,U2OS,wild-type,VEGFA_2,GACCCCCTCCACCCCGCCTCNGG,AGCCCCCACCTCCCCGCCTCGGG,4
chr9,140263438,140263461,wild-type_VEGFA_2_chr9_140263445_40,40,-,U2OS,wild-type,VEGFA_2,GACCCCCTCCACCCCGCCTCNGG,AAGCCCCCCCACCCCGCCCCGGG,4
chr1,27022820,27022843,wild-type_VEGFA_2_chr1_27022827_37,37,-,U2OS,wild-type,VEGFA_2,GACCCCCTCCACCCCGCCTCNGG,CCCCCCTCCCACCCCGCCCCGGG,5
chr9,139440840,139440863,wild-type_VEGFA_2_chr9_139440844_35,35,-,U2OS,wild-type,VEGFA_2,GACCCCCTCCACCCCGCCTCNGG,CGCCCTCCCCATTCCGCCCCGGG,7
chr17,65632973,65632996,wild-type_VEGFA_2_chr17_65632990_34,34,+,U2OS,wild-type,VEGFA_2,GACCCCCTCCACCCCGCCTCNGG,AACACCCTCCACCCCACCACAGG,4
chr6,160552559,160552582,wild-type_VEGFA_2_chr6_160552566_33,33,-,U2OS,wild-type,VEGFA_2,GACCCCCTCCACCCCGCCTCNGG,TCAGACCTCCACCCCGCCTCAGG,5
chr15,74983116,74983139,wild-type_VEGFA_2_chr15_74983133_31,31,+,U2OS,wild-type,VEGFA_2,GACCCCCTCCACCCCGCCTCNGG,TTCCACCCCCACCCCGCCTCAGA,5
chr16,57974231,57974254,wild-type_VEGFA_2_chr16_57974238_28,28,-,U2OS,wild-type,VEGFA_2,GACCCCCTCCACCCCGCCTCNGG,TATCCTCCCCACCCCGCCCCGGG,5
chr3,195489203,195489226,wild-type_VEGFA_2_chr3_195489217_26,26,+,U2OS,wild-type,VEGFA_2,GACCCCCTCCACCCCGCCTCNGG,CACCACCCCCACCCCGCCCCTGG,4
chr6,36853818,36853841,wild-type_VEGFA_2_chr6_36853825_25,25,-,U2OS,wild-type,VEGFA_2,GACCCCCTCCACCCCGCCTCNGG,GCCTCCCCCCACCCAGCCTCGGG,4
chr1,9749875,9749898,wild-type_VEGFA_2_chr1_9749881_23,23,-,U2OS,wild-type,VEGFA_2,GACCCCCTCCACCCCGCCTCNGG,GACCCTGCCCACCCCGCCCCAGG,4
chr13,107367821,107367844,wild-type_VEGFA_2_chr13_107367838_23,23,+,U2OS,wild-type,VEGFA_2,GACCCCCTCCACCCCGCCTCNGG,TCTCCCCTGTACCCCGCCTCTGG,5
chr19,18633476,18633499,wild-type_VEGFA_2_chr19_18633482_22,22,-,U2OS,wild-type,VEGFA_2,GACCCCCTCCACCCCGCCTCNGG,AGTCCCATCCACCCCGCCTAAGG,5
chrX,118865476,118865499,wild-type_VEGFA_2_chrX_118865483_22,22,-,U2OS,wild-type,VEGFA_2,GACCCCCTCCACCCCGCCTCNGG,GTCCTCCACCACCCCGCCTCTGG,3
chrX,67653779,67653802,wild-type_VEGFA_2_chrX_67653796_21,21,+,U2OS,wild-type,VEGFA_2,GACCCCCTCCACCCCGCCTCNGG,TCTCCCCACCACCCCGCCTGGGA,6
chr11,63719173,63719196,wild-type_VEGFA_2_chr11_63719180_19,19,-,U2OS,wild-type,VEGFA_2,GACCCCCTCCACCCCGCCTCNGG,AACACGCCCCACCCCGCCCCAGG,5
chr19,1028243,1028266,wild-type_VEGFA_2_chr19_1028250_18,18,-,U2OS,wild-type,VEGFA_2,GACCCCCTCCACCCCGCCTCNGG,ACCCCACCCCACCCCGTCTCCGG,5
chr6,26470606,26470629,wild-type_VEGFA_2_chr6_26470624_18,18,+,U2OS,wild-type,VEGFA_2,GACCCCCTCCACCCCGCCTCNGG,GACCCCCCCCACCCCACCCCAGG,3
chr1,51442185,51442208,wild-type_VEGFA_2_chr1_51442192_15,15,-,U2OS,wild-type,VEGFA_2,GACCCCCTCCACCCCGCCTCNGG,GACCCCTCCCTCCCCACCTCAGG,4
chr14,90403304,90403327,wild-type_VEGFA_2_chr14_90403321_15,15,+,U2OS,wild-type,VEGFA_2,GACCCCCTCCACCCCGCCTCNGG,GTCCCCTCCCACCCCGCCTCCAG,4
chr14,75034161,75034184,wild-type_VEGFA_2_chr14_75034168_14,14,-,U2OS,wild-type,VEGFA_2,GACCCCCTCCACCCCGCCTCNGG,GGCCACCCCCACCCCGCCTCTGC,4
chr17,80013579,80013602,wild-type_VEGFA_2_chr17_80013597_14,14,+,U2OS,wild-type,VEGFA_2,GACCCCCTCCACCCCGCCTCNGG,CTCTCCCCCCTCCCCGCCCCCGG,6
chr22,20141936,20141959,wild-type_VEGFA_2_chr22_20141942_14,14,-,U2OS,wild-type,VEGFA_2,GACCCCCTCCACCCCGCCTCNGG,GGCCTCCTCCACCCCACCCCAGG,4
chr20,36154681,36154704,wild-type_VEGFA_2_chr20_36154696_13,13,+,U2OS,wild-type,VEGFA_2,GACCCCCTCCACCCCGCCTCNGG,CACCGCCCCCACCCCCCCTCAGA,5
chr5,139028239,139028262,wild-type_VEGFA_2_chr5_139028256_13,13,+,U2OS,wild-type,VEGFA_2,GACCCCCTCCACCCCGCCTCNGG,CTCCCCCCCCTCCCCGCCTCGGG,4
chr8,145006225,145006248,wild-type_VEGFA_2_chr8_145006242_13,13,+,U2OS,wild-type,VEGFA_2,GACCCCCTCCACCCCGCCTCNGG,GCCCCGCCCCGCCCCGCCTGGGG,5
chr1,78245429,78245452,wild-type_VEGFA_2_chr1_78245436_12,12,-,U2OS,wild-type,VEGFA_2,GACCCCCTCCACCCCGCCTCNGG,TCTCCACCCCACCCCGCCCCTGG,6
chr17,79881136,79881159,wild-type_VEGFA_2_chr17_79881154_11,11,+,U2OS,wild-type,VEGFA_2,GACCCCCTCCACCCCGCCTCNGG,CACCCCCCCCCCCCCGCCCCCGG,4
chr5,122565809,122565832,wild-type_VEGFA_2_chr5_122565827_11,11,+,U2OS,wild-type,VEGFA_2,GACCCCCTCCACCCCGCCTCNGG,CTCCCCCTACACCCCGCAACAGG,5
chr5,156321124,156321147,wild-type_VEGFA_2_chr5_156321141_11,11,+,U2OS,wild-type,VEGFA_2,GACCCCCTCCACCCCGCCTCNGG,GACCCCACCTACCCCACCTCAGG,4
chr7,36572748,36572771,wild-type_VEGFA_2_chr7_36572765_11,11,+,U2OS,wild-type,VEGFA_2,GACCCCCTCCACCCCGCCTCNGG,ACACCGCTCCACCCCGCTTCCAG,6
chr9,99044125,99044148,wild-type_VEGFA_2_chr9_99044142_11,11,+,U2OS,wild-type,VEGFA_2,GACCCCCTCCACCCCGCCTCNGG,CGCCTCCCCCACCCTGCCTCAGG,5
chr5,manual alignment site,,wild-type_VEGFA_2_chr5_3592335_10,10,,U2OS,wild-type,VEGFA_2,GACCCCCTCCACCCCGCCTCNGG,GTCCCCCTCCACTACCGCCTCTGG,3
chr19,18131306,18131329,wild-type_VEGFA_2_chr19_18131313_9,9,-,U2OS,wild-type,VEGFA_2,GACCCCCTCCACCCCGCCTCNGG,CCCCACCCCCACCCCATCTCTGG,6
chr2,101437450,101437473,wild-type_VEGFA_2_chr2_101437468_9,9,+,U2OS,wild-type,VEGFA_2,GACCCCCTCCACCCCGCCTCNGG,CCGCCCCCCCACCCCAACTCCGG,6
chr7,579828,579851,wild-type_VEGFA_2_chr7_579846_9,9,+,U2OS,wild-type,VEGFA_2,GACCCCCTCCACCCCGCCTCNGG,GGCCACCCCCACCCCGTCCCTGG,5
chr8,38325712,38325735,wild-type_VEGFA_2_chr8_38325719_9,9,-,U2OS,wild-type,VEGFA_2,GACCCCCTCCACCCCGCCTCNGG,CCCTCCCCCCGCCCCGCCTCCGG,5
chr1,178738720,178738743,wild-type_VEGFA_2_chr1_178738726_8,8,-,U2OS,wild-type,VEGFA_2,GACCCCCTCCACCCCGCCTCNGG,GGCCCTCTCCACTCCACCTCAGG,4
chr16,69166704,69166727,wild-type_VEGFA_2_chr16_69166711_8,8,-,U2OS,wild-type,VEGFA_2,GACCCCCTCCACCCCGCCTCNGG,AGTAGCCCCCACCCCGCCTCGGG,6
chr2,154742872,154742895,wild-type_VEGFA_2_chr2_154742890_8,8,+,U2OS,wild-type,VEGFA_2,GACCCCCTCCACCCCGCCTCNGG,CACTCCCCCCACCCCGCAACAGG,5
chr7,1117972,1117995,wild-type_VEGFA_2_chr7_1117979_8,8,-,U2OS,wild-type,VEGFA_2,GACCCCCTCCACCCCGCCTCNGG,GCCCCCCCCCACCCCGCAGCTGG,4
chr9,131706575,131706598,wild-type_VEGFA_2_chr9_131706582_7,7,-,U2OS,wild-type,VEGFA_2,GACCCCCTCCACCCCGCCTCNGG,AGCCAACCCCACCCCGCCTCTGG,5
chr11,46141848,46141871,wild-type_VEGFA_2_chr11_46141856_6,6,-,U2OS,wild-type,VEGFA_2,GACCCCCTCCACCCCGCCTCNGG,CATCCCCCCCACCCCACCCCGGG,5
chr17,72656670,72656693,wild-type_VEGFA_2_chr17_72656677_6,6,-,U2OS,wild-type,VEGFA_2,GACCCCCTCCACCCCGCCTCNGG,TTCCCCTTCCACCCAGCCTCTGG,4
chr2,223423879,223423902,wild-type_VEGFA_2_chr2_223423896_6,6,+,U2OS,wild-type,VEGFA_2,GACCCCCTCCACCCCGCCTCNGG,GCCCCCCCCCCCCCCGCCCGGCC,7
chr7,101150781,101150804,wild-type_VEGFA_2_chr7_101150798_6,6,+,U2OS,wild-type,VEGFA_2,GACCCCCTCCACCCCGCCTCNGG,AACCTCCACCTCCCCGCCTCAGG,4
chr6,43337319,43337342,wild-type_VEGFA_2_chr6_43337337_5,5,+,U2OS,wild-type,VEGFA_2,GACCCCCTCCACCCCGCCTCNGG,GACACACCCCCCCCCGCCTCCGG,4
chr7,1197617,1197640,wild-type_VEGFA_2_chr7_1197634_5,5,+,U2OS,wild-type,VEGFA_2,GACCCCCTCCACCCCGCCTCNGG,GCACTCCTGCACCCAGCCTCTGG,6
chr8,39839068,39839091,wild-type_VEGFA_2_chr8_39839085_5,5,+,U2OS,wild-type,VEGFA_2,GACCCCCTCCACCCCGCCTCNGG,CACACCCACCACCCCGCCTCAGA,4
chr11,32184478,32184501,wild-type_VEGFA_2_chr11_32184485_4,4,-,U2OS,wild-type,VEGFA_2,GACCCCCTCCACCCCGCCTCNGG,CACCCCCCGCACCCCGCCCCAGG,4
chr11,45796049,45796072,wild-type_VEGFA_2_chr11_45796057_4,4,-,U2OS,wild-type,VEGFA_2,GACCCCCTCCACCCCGCCTCNGG,ATCCCTCTCCACCCCACCCCAGG,5
chr12,31812332,31812355,wild-type_VEGFA_2_chr12_31812350_4,4,+,U2OS,wild-type,VEGFA_2,GACCCCCTCCACCCCGCCTCNGG,GATCGACTCCACCCCGCCTCTGG,3
chr16,85338199,85338222,wild-type_VEGFA_2_chr16_85338209_4,4,-,U2OS,wild-type,VEGFA_2,GACCCCCTCCACCCCGCCTCNGG,ATGCCCCACCCCCCCGCCCCCGG,6
chr9,100931285,100931308,wild-type_VEGFA_2_chr9_100931291_4,4,-,U2OS,wild-type,VEGFA_2,GACCCCCTCCACCCCGCCTCNGG,CCACCCCTCCACCCCGTCCCAGG,5
chr11,64012936,64012959,wild-type_VEGFA_2_chr11_64012953_3,3,-,U2OS,wild-type,VEGFA_2,GACCCCCTCCACCCCGCCTCNGG,TCCCCCCCCCACCCCGCTTTGGG,5
chr19,45324564,45324587,wild-type_VEGFA_2_chr19_45324582_3,3,+,U2OS,wild-type,VEGFA_2,GACCCCCTCCACCCCGCCTCNGG,CCCCCCCCTCACCCCGCCCCTGG,5
chr8,37251177,37251200,wild-type_VEGFA_2_chr8_37251195_3,3,+,U2OS,wild-type,VEGFA_2,GACCCCCTCCACCCCGCCTCNGG,CACCCCGCCCACCCCGCCCCTGG,4
chr9,68455402,68455425,wild-type_VEGFA_2_chr9_68455408_3,3,-,U2OS,wild-type,VEGFA_2,GACCCCCTCCACCCCGCCTCNGG,CTCCGCCCCCCCCCCGCCCCGGG,6
chr11,863186,863209,wild-type_VEGFA_2_chr11_863204_2,2,+,U2OS,wild-type,VEGFA_2,GACCCCCTCCACCCCGCCTCNGG,CCCAGCCCCCACCTCGCCTCGGG,7
chr11,7099171,7099194,wild-type_VEGFA_2_chr11_7099179_2,2,-,U2OS,wild-type,VEGFA_2,GACCCCCTCCACCCCGCCTCNGG,GGTCCCCCCCACCCCACCTCCAG,6
chr19,57119648,57119671,wild-type_VEGFA_2_chr19_57119665_2,2,+,U2OS,wild-type,VEGFA_2,GACCCCCTCCACCCCGCCTCNGG,ATCCCCCTCCCCTCCGCCCCTGG,5
chr6,31462820,31462843,wild-type_VEGFA_2_chr6_31462829_2,2,-,U2OS,wild-type,VEGFA_2,GACCCCCTCCACCCCGCCTCNGG,CTCCCCCTCCACCCCACCTCCAG,4
chr15,85165027,85165050,wild-type_ZSCAN2_chr15_85165044_3420,3420,+,U2OS,wild-type,ZSCAN2,GTGCGGCAAGAGCTTCAGCCNGG,GTGCGGCAAGAGCTTCAGCCGGG,0
chr19,44418221,44418244,wild-type_ZSCAN2_chr19_44418227_1635,1635,-,U2OS,wild-type,ZSCAN2,GTGCGGCAAGAGCTTCAGCCNGG,GTGTGGCAAGGGCTTCAGCCAGG,2
chr6,72320364,72320387,wild-type_ZSCAN2_chr6_72320381_797,797,+,U2OS,wild-type,ZSCAN2,GTGCGGCAAGAGCTTCAGCCNGG,GTGAGGGAAGAGCTTCAGCAAGG,3
chr12,123836949,123836972,wild-type_ZSCAN2_chr12_123836955_160,160,-,U2OS,wild-type,ZSCAN2,GTGCGGCAAGAGCTTCAGCCNGG,GTGAGGCAGGAGCATCAGCCCGG,3
chr18,74051758,74051781,wild-type_ZSCAN2_chr18_74051765_23,23,-,U2OS,wild-type,ZSCAN2,GTGCGGCAAGAGCTTCAGCCNGG,GTGGGGCAAGAGGTTCAGCCTGG,2
chr15,28094828,28094851,wild-type_ZSCAN2_chr15_28094840_15,15,+,U2OS,wild-type,ZSCAN2,GTGCGGCAAGAGCTTCAGCCNGG,ATGGGGAAAGAGCTTCAGCCTGG,3
chr7,99227393,99227416,wild-type_ZSCAN2_chr7_99227411_6,6,+,U2OS,wild-type,ZSCAN2,GTGCGGCAAGAGCTTCAGCCNGG,GTGTGGCAAGAGCTTCAGCAGGA,3
chr1,43317144,43317167,wild-type_ZSCAN2_chr1_43317160_3,3,+,U2OS,wild-type,ZSCAN2,GTGCGGCAAGAGCTTCAGCCNGG,CTGTGGCAAGAGCTTCAGCCAGA,3
chr16,30794156,30794179,wild-type_ZSCAN2_chr16_30794164_2,2,-,U2OS,wild-type,ZSCAN2,GTGCGGCAAGAGCTTCAGCCNGG,GTGCGGCAAGAGCTTCAGCCAGA,1
